Date,Tweet,Location,Retweets,Link to tweet
19/2/2020, @HeatherMcTeer: “Parenting in #climate” can actually be fun when you let your kids lead the way! I was happy to add to this piece by ⁦@C...,San Francisco,4,https://twitter.com/laschiller/status/1229808121813405697
19/2/2020,Why now? #discussion #harmvsgood #stepintherightdirection #authetic #pr #wealth #climate #isitenough  Jeff Bezos: World's richest man pledges $10bn to fight climate change https://t.co/iOz8lvDGby,London,0,https://twitter.com/zofias/status/1229807181622579201
19/2/2020,City ground 1947 v city ground today  (background)  #climate change https://t.co/EyLZr8kJLP,Ilson,0,https://twitter.com/giles2905/status/1229807018325790720
19/2/2020,OPINION | Opinion: Canada can turn climate change outrage into an e-vehicle opportunity #climate #innovation #tech #education  https://t.co/gLiVpDMKaS,"Division No. 11, Saskatchewan",0,https://twitter.com/CodieneC/status/1229807015729303552
19/2/2020, @Fireynolds: If you want to really understand why #auspol is not taking action on #coal and #climate change. Don't by the story about jo...,"Sydney, Australia",2,https://twitter.com/sharanjit/status/1229806765207769088
19/2/2020,"Yes. Climate change is an existential threat to human life on planet earth. It's time to treat it as such, with urgency. Thank you @JeffBezos #amazon #ClimateChange #ClimateAction #ClimateEmergency #climate https://t.co/5yeuNNkrTv","Arlington, Virginia",0,https://twitter.com/estate_nova/status/1229806114897829888
19/2/2020, @WRIRossCities: Worsening urban #inequality & the deepening #climate crisis are intertwined & must be taken on together.  Our #PrizeforC...,,16,https://twitter.com/resource_watch/status/1229805792179769344
19/2/2020,Oakland Zoo is the latest Bay Area institution to eliminate plastic bottles  #zoo #climate #change #innovation #trends  https://t.co/s2F7V0kYOj... https://t.co/429ywKEc4E,"Spokane Valley, WA",0,https://twitter.com/JFortin670/status/1229805305162133504
19/2/2020,One more study showing poor alignment between hard #climate reality and its effective implementation within enterprises. And as a consequence the way results are disclosed and reported : Reuters https://t.co/1ivEz7Qq7l,Brussels,0,https://twitter.com/pawauters/status/1229804834032844802
19/2/2020,Even more for #climate change negotiators... @UNFCCC https://t.co/5yR2MyErDH,"Blida, Algeria",0,https://twitter.com/DjemouaiKamal/status/1229803359642755072
19/2/2020,#CLIMATE Change Protesters Dig up Lawn at Prestigious U.K. University Over Its Ties to Fossil Fuel Companies https://t.co/Ozg4e9GYXV  #GlobalWarming #climatechange,"New York, USA",0,https://twitter.com/gridpointwx/status/1229802736528564226
19/2/2020,Why Jeff Bezos Picked Instagram To Make A Major #CLIMATE Change Announcement https://t.co/tOkpN9vrMv  #GlobalWarming #climatechange,"New York, USA",0,https://twitter.com/gridpointwx/status/1229802656077623297
19/2/2020,#CLIMATE Change Protesters Dig up Lawn at Prestigious U.K. University Over Its Ties to Fossil Fuel Companies https://t.co/C6fsCL3juC #GPWX #GlobalWarming #climatechange,NY,0,https://twitter.com/TimMelino/status/1229802523567022082
19/2/2020,Why Jeff Bezos Picked Instagram To Make A Major #CLIMATE Change Announcement https://t.co/UJEE63p3l9 #GPWX #GlobalWarming #climatechange,NY,0,https://twitter.com/TimMelino/status/1229802426372411392
19/2/2020, @Fireynolds: If you want to really understand why #auspol is not taking action on #coal and #climate change. Don't by the story about jo...,"Tacoma, WA",2,https://twitter.com/trvestuff/status/1229801921784971265
19/2/2020, @HeidiCullen: Everything you've ever wanted to know about marine snow...and more! Thanks to @hankgreen @SciShow and @MontereyAq for help...,Earth's Oceans,10,https://twitter.com/_Oceanography/status/1229801814171635714
19/2/2020,#Jeff #Bezos #Announces He Is #Pledging $10 #Billion To #Climate #Change: “#Earth Is One... https://t.co/o5zVEYyWJC,"Las Vegas, NV",0,https://twitter.com/Gossippress/status/1229801087445741570
19/2/2020," @lamphieryeg: And the inevitable spring flooding will be proof of climate change. According to CBC, anyway. #climate #cdnpoli @CBCPoliti...",North Western Ontario,11,https://twitter.com/blueicats/status/1229800392747253761
19/2/2020, @HeidiCullen: Everything you've ever wanted to know about marine snow...and more! Thanks to @hankgreen @SciShow and @MontereyAq for help...,"Los Altos, CA",10,https://twitter.com/PackardFdn/status/1229799923916341248
19/2/2020,Will #CLIMATE Change Freeze Europe? That’s Not What NASA Says https://t.co/uNRwLsmmYW  #GlobalWarming #climatechange,"New York, USA",0,https://twitter.com/gridpointwx/status/1229798823259758592
19/2/2020,Will #CLIMATE Change Freeze Europe? That’s Not What NASA Says https://t.co/IC0cjLkAGH #GPWX #GlobalWarming #climatechange,NY,0,https://twitter.com/TimMelino/status/1229798645500973057
19/2/2020, @HeidiCullen: Everything you've ever wanted to know about marine snow...and more! Thanks to @hankgreen @SciShow and @MontereyAq for help...,"Seattle, WA",10,https://twitter.com/TidepoolAnn/status/1229798294122979329
19/2/2020,"Amazon Chief Executive Officer Jeff Bezos will commit $10 billion to fund scientists, activists, nonprofits and other groups fighting to protect the environment and counter the effects of #climate change. https://t.co/sFkw2dKUg4",United States,0,https://twitter.com/NatlOceanPolicy/status/1229798057606340610
19/2/2020, @DECLeeds: Primary teachers- you can book on our 'Introduction to Climate Change' course on March 4th with #climate Scientists from @Uni...,North Leeds!,3,https://twitter.com/NorthLeedsLife/status/1229797985812406274
18/2/2020, @HeidiCullen: Everything you've ever wanted to know about marine snow...and more! Thanks to @hankgreen @SciShow and @MontereyAq for help...,"Moss Landing, CA",10,https://twitter.com/MBARI_News/status/1229797047361929216
18/2/2020, @HeidiCullen: Everything you've ever wanted to know about marine snow...and more! Thanks to @hankgreen @SciShow and @MontereyAq for help...,"Aptos, CA",10,https://twitter.com/omgirlsvt/status/1229797034313412609
18/2/2020, @HeidiCullen: Everything you've ever wanted to know about marine snow...and more! Thanks to @hankgreen @SciShow and @MontereyAq for help...,Princeton University,10,https://twitter.com/SOCCOMProject/status/1229797020518367232
18/2/2020," @KonstantinRMS: The ""#Australia #Fires Disappeared From the #News When We Found Out They Were #Caused by #Leftist #Activists and NOT #Cl...","Springfield, IL",2,https://twitter.com/angelichelena/status/1229796724014710784
18/2/2020," @KonstantinRMS: The ""#Australia #Fires Disappeared From the #News When We Found Out They Were #Caused by #Leftist #Activists and NOT #Cl...",Melbourne,2,https://twitter.com/EliteOzzy/status/1229796631559593995
18/2/2020,"The ""#Australia #Fires Disappeared From the #News When We Found Out They Were #Caused by #Leftist #Activists and NOT #Climate #Change"" #Meme #memes #truth #joke #media #bias @KonstantinRMS . , https://t.co/2Th9VoWDTn https://t.co/wAfWnAIrY4","Cincinnati, Ohio, USA",2,https://twitter.com/KonstantinRMS/status/1229796587502784514
18/2/2020," @Greenpeaceafric: .@Eskom_SA's coal dependence is not only destroying our planet, but the air pollution it creates is also damaging our...","Santiago, Chile",24,https://twitter.com/PattybarrosA/status/1229795557482385409
18/2/2020, @JunagarhMedia: More evidence emerges that #climate models are likely to have underestimated the rate of change.  #ClimateEmergency #Cli...,"Paris, France",4,https://twitter.com/BravoMilagro1/status/1229795053264089089
18/2/2020,Investment and Trading: FOREX-  #Science- #Climate #change https://t.co/zVZ1NiHoAf,London,0,https://twitter.com/GinaspencerGina/status/1229794464744529921
18/2/2020," @Greenpeaceafric: .@Eskom_SA's coal dependence is not only destroying our planet, but the air pollution it creates is also damaging our...","Nairobi, Kenya",24,https://twitter.com/ItIsMarie/status/1229794346423259136
18/2/2020,If you want to really understand why #auspol is not taking action on #coal and #climate change. Don't by the story about jobs - watch this video and it tells the real story. https://t.co/YzYe27M7NU,London,2,https://twitter.com/Fireynolds/status/1229790739535728640
18/2/2020,Delta Announces $1 Billion Investment to Become Carbon Neutral by 2030  #delta #investment #carbon #neutral #climate #change #trends   https://t.co/uqhCYUMuc8... https://t.co/xzsqgU4CRU,"Spokane Valley, WA",0,https://twitter.com/JFortin670/status/1229790186990710785
18/2/2020," @lamphieryeg: And the inevitable spring flooding will be proof of climate change. According to CBC, anyway. #climate #cdnpoli @CBCPoliti...",,11,https://twitter.com/squeeze_jc/status/1229790091591077891
18/2/2020, @SocInnovAcademy: This time our focus is on leading #socialinnovation examples for #climate #action💡  Click here 👉 https://t.co/oTDhY66X...,,8,https://twitter.com/LGryszkiewicz/status/1229789619945910274
18/2/2020," @lamphieryeg: And the inevitable spring flooding will be proof of climate change. According to CBC, anyway. #climate #cdnpoli @CBCPoliti...","Toronto, Canada",11,https://twitter.com/torcana/status/1229788978540433409
18/2/2020,"“New Source of Climate Pressure for Companies: Workers In tech and other industries, having #climate-change strategy is key to recruiting, retaining employees” - @russellgold @WSJ https://t.co/dZguRmS9hs","Boston, MA",0,https://twitter.com/ChristopherNFox/status/1229787276655415297
18/2/2020, @DECLeeds: Primary teachers- you can book on our 'Introduction to Climate Change' course on March 4th with #climate Scientists from @Uni...,Leeds Beckett University,3,https://twitter.com/DrRLofthouse/status/1229787122909032448
18/2/2020, @HeatherMcTeer: “Parenting in #climate” can actually be fun when you let your kids lead the way! I was happy to add to this piece by ⁦@C...,"Milwaukee, WI",4,https://twitter.com/StevenMurphyQD/status/1229786051323027459
18/2/2020, @HeatherMcTeer: “Parenting in #climate” can actually be fun when you let your kids lead the way! I was happy to add to this piece by ⁦@C...,"Boston, MA ",4,https://twitter.com/Howdylin/status/1229785860817723392
18/2/2020,Secondary #teachers- you can book on our 'Introduction to Climate Change' course with #climate scientists @UniversityLeeds on March 11th here https://t.co/tlTDrxTrxL Please  #MFLTwitterati #mathschat #Science https://t.co/iWicLzMmhv,Leeds,0,https://twitter.com/DECLeeds/status/1229785728051286016
18/2/2020, @DECLeeds: Primary teachers- you can book on our 'Introduction to Climate Change' course on March 4th with #climate Scientists from @Uni...,"Leeds, England",3,https://twitter.com/PhilMellenLeeds/status/1229785525386727424
18/2/2020,"As the nation grapples with #climate change, the need for a fair transition for workers and communities that depend upon coal jobs and revenue has also gained traction.  -@OVReSRC @amusedbrit  https://t.co/q1YyoLICv8","Washington, DC",0,https://twitter.com/safe_climate/status/1229785203369009152
18/2/2020,Primary teachers- you can book on our 'Introduction to Climate Change' course on March 4th with #climate Scientists from @UniversityLeeds here https://t.co/SjOB425Qi8 https://t.co/0WevL3Bnsx,Leeds,3,https://twitter.com/DECLeeds/status/1229784703592550400
18/2/2020,"On President’s Day, we remember how American leaders have confronted major global challenges throughout our nation’s history. The Bipartisan #ClimateRoadmap shows how the U.S. can lead on solving global #climate change. https://t.co/uuwwZsJJb1","Salt Lake City, UT",0,https://twitter.com/CCLsaltlake/status/1229784386763141120
18/2/2020, @HeidiCullen: Everything you've ever wanted to know about marine snow...and more! Thanks to @hankgreen @SciShow and @MontereyAq for help...,"Florida, USA",10,https://twitter.com/AllieCoCoSci/status/1229784026103341066
18/2/2020," @CCLSanFrancisco: From Australia to Antarctica and everywhere in between, wildlife is struggling to adapt to the rapid changes humans ar...","California, USA",1,https://twitter.com/its_outta_here/status/1229783984961249281
18/2/2020, @DVSMorpheus: @cangal21 I have my #TzeporahBerman #Blockchain badge to!!!! #ClimateChange #climate Climate Change is political “Climate...,Alberta ,1,https://twitter.com/DVSMorpheus/status/1229783971606614016
18/2/2020," @lamphieryeg: And the inevitable spring flooding will be proof of climate change. According to CBC, anyway. #climate #cdnpoli @CBCPoliti...",Spencerville on,11,https://twitter.com/waynes21/status/1229783946705195008
18/2/2020, @HeidiCullen: Everything you've ever wanted to know about marine snow...and more! Thanks to @hankgreen @SciShow and @MontereyAq for help...,,10,https://twitter.com/katimorris_h/status/1229783758880026629
18/2/2020," @Greenpeaceafric: .@Eskom_SA's coal dependence is not only destroying our planet, but the air pollution it creates is also damaging our...",Brasil ,24,https://twitter.com/IaeIghor/status/1229783721504628737
18/2/2020,What are the #climate change impacts in #Spain? #Agrobericht https://t.co/hvfpNWwuBC,"Comunidad de Madrid, España",0,https://twitter.com/agrispanje/status/1229783714516873219
18/2/2020,@cangal21 I have my #TzeporahBerman #Blockchain badge to!!!! #ClimateChange #climate Climate Change is political “Climate Chnage” in disguise. It is all about shifting the balance of power. Her and her supporters don’t give a shit about the planet 🌎. All about destroying capitalism. https://t.co/ozdKxDh24j,Alberta ,1,https://twitter.com/DVSMorpheus/status/1229783659479060481
18/2/2020, @HeidiCullen: Everything you've ever wanted to know about marine snow...and more! Thanks to @hankgreen @SciShow and @MontereyAq for help...,YouTube,10,https://twitter.com/SciShow/status/1229783639065612290
18/2/2020, @HeatherMcTeer: “Parenting in #climate” can actually be fun when you let your kids lead the way! I was happy to add to this piece by ⁦@C...,United States,4,https://twitter.com/CleanAirMoms/status/1229783594639536129
18/2/2020,"From Australia to Antarctica and everywhere in between, wildlife is struggling to adapt to the rapid changes humans are causing.  ""All the evidence we have points to #climate change,"" one researcher said. https://t.co/g5QqnDLP52 https://t.co/w7RzPf6Pgd",San Francisco,1,https://twitter.com/CCLSanFrancisco/status/1229783153889497089
18/2/2020,“Parenting in #climate” can actually be fun when you let your kids lead the way! I was happy to add to this piece by ⁦@CaitJGibson⁩ please read & share!  ⁦@CleanAirMoms⁩ #ActOnClimate #TuesdayThoughts ways to make a real impact Washington Post https://t.co/Mu8a6dxyI7,"Oxford, MS & Washington, DC",4,https://twitter.com/HeatherMcTeer/status/1229783052299177984
18/2/2020," @lamphieryeg: And the inevitable spring flooding will be proof of climate change. According to CBC, anyway. #climate #cdnpoli @CBCPoliti...",,11,https://twitter.com/degenhardtdong1/status/1229782529042833409
18/2/2020, @ECETOC: Have you wondered how #plant 🌱 breeding can help grow healthy food 🥘in a changing #climate ❓  Then read this story @Syngenta to...,"Basel, Switzerland",1,https://twitter.com/Syngenta/status/1229782424911040515
18/2/2020," @lamphieryeg: And the inevitable spring flooding will be proof of climate change. According to CBC, anyway. #climate #cdnpoli @CBCPoliti...",Alberta Canada ,11,https://twitter.com/ExpatJake/status/1229782230261616645
18/2/2020, @ETNOWlive: @JeffBezos #IDD | @JeffBezos pledges $10 bn for #ClimateChange. What is #India's plan to fight #ClimateCrisis? Tune in at 9...,New Delhi,2,https://twitter.com/damandeep/status/1229781828241739781
18/2/2020,Can we fight #climate #change with #philanthropy when the #business  that made us wealthy is part of the #problem? Jeff Bezos: World's richest man pledges $10bn to fight climate change https://t.co/6XJ1ajFkpr,"New York, NY",0,https://twitter.com/kramdas/status/1229781076320620544
18/2/2020," @lamphieryeg: And the inevitable spring flooding will be proof of climate change. According to CBC, anyway. #climate #cdnpoli @CBCPoliti...",Central Alberta,11,https://twitter.com/IAmPat61204643/status/1229780693665841152
18/2/2020," @lamphieryeg: And the inevitable spring flooding will be proof of climate change. According to CBC, anyway. #climate #cdnpoli @CBCPoliti...","Alberta, Canada",11,https://twitter.com/kabat_jordan/status/1229779692468629507
18/2/2020,"How are cat videos, data and climate change connected? 🧐😺 | @UmbertoBacchi reports #propertyrights #digitalrights #climate https://t.co/RIe2LSNXWS",,0,https://twitter.com/thisisplace/status/1229779370044059648
18/2/2020, @stefanako71: Permanent academic position in the broad area of #climate #change #ecology - timely and exciting! come and join us @ljmubi...,"Richmond, B.C., Canada",6,https://twitter.com/IsabellaGhement/status/1229779222077403136
18/2/2020, @WRIRossCities: Worsening urban #inequality & the deepening #climate crisis are intertwined & must be taken on together.  Our #PrizeforC...,"Washington, D.C.",16,https://twitter.com/DTurbanism/status/1229778809982980096
18/2/2020,@cathmckenna @JonathanWNV @JustinTrudeau @cafreeland @FP_Champagne @GretaThunberg @RepAOC #LiberalLIES #ClimateHoax #Climate change is real but #ClimateAlarmism is full of lies! Antarctica's Record-High 20.75°C Temperature Another Media Hoax https://t.co/jWDVV81x57,,0,https://twitter.com/c_hopp2014/status/1229778300463173632
18/2/2020, @jaznorfolk: Delighted to see some research I did with colleagues from @CIFOR get cited in @TheEconomist this week! Destroying #bluecarb...,Washington DC 🇺🇸 Madrid 🇪🇸,4,https://twitter.com/BlancaHb4/status/1229778211132919808
18/2/2020,Amazon founder Jeff Bezos is starting the Bezos Earth Fund to help counter the effects of climate change https://t.co/3nGc9TuWa1 via @business #climatechange #esg #sustainableinvesting #climate #climatecapitalism,Argentina,0,https://twitter.com/pcasaux/status/1229777555064020994
18/2/2020, @WRIRossCities: Worsening urban #inequality & the deepening #climate crisis are intertwined & must be taken on together.  Our #PrizeforC...,"Deer Park, Louisville, KY",16,https://twitter.com/DeerParkLou/status/1229777477448470528
18/2/2020, @stefanako71: Permanent academic position in the broad area of #climate #change #ecology - timely and exciting! come and join us @ljmubi...,,6,https://twitter.com/EderYv/status/1229777436163874816
18/2/2020," @xercessociety: When most people think about climate change, they likely think of CO2 emissions from cars or factories. But the way land...","Portland, ME",9,https://twitter.com/WildSeedProject/status/1229777307839148033
18/2/2020, @stefanako71: Permanent academic position in the broad area of #climate #change #ecology - timely and exciting! come and join us @ljmubi...,"Salford, England",6,https://twitter.com/ilariacoscia/status/1229776302158307330
18/2/2020, @stefanako71: Permanent academic position in the broad area of #climate #change #ecology - timely and exciting! come and join us @ljmubi...,"Ottawa, Ontario",6,https://twitter.com/graham_raby/status/1229776140660826119
18/2/2020, @stefanako71: Permanent academic position in the broad area of #climate #change #ecology - timely and exciting! come and join us @ljmubi...,"Fredericton, New Brunswick",6,https://twitter.com/DrHaydo/status/1229775965208838146
18/2/2020," @lamphieryeg: And the inevitable spring flooding will be proof of climate change. According to CBC, anyway. #climate #cdnpoli @CBCPoliti...",Canada,11,https://twitter.com/Delta56ca/status/1229774468404383744
18/2/2020," @lamphieryeg: And the inevitable spring flooding will be proof of climate change. According to CBC, anyway. #climate #cdnpoli @CBCPoliti...",Canada,11,https://twitter.com/anna_938/status/1229774127281643523
18/2/2020," @lamphieryeg: And the inevitable spring flooding will be proof of climate change. According to CBC, anyway. #climate #cdnpoli @CBCPoliti...",Ottawa,11,https://twitter.com/Jimbo679/status/1229773978690031617
18/2/2020,"And the inevitable spring flooding will be proof of climate change. According to CBC, anyway. #climate #cdnpoli @CBCPolitics https://t.co/U5CdPKoKNU","Edmonton, Alberta",11,https://twitter.com/lamphieryeg/status/1229773469564334080
18/2/2020, @ETNOWlive: @JeffBezos #IDD | @JeffBezos pledges $10 bn for #ClimateChange. What is #India's plan to fight #ClimateCrisis? Tune in at 9...,India,2,https://twitter.com/ETNOWlive/status/1229773320771469314
18/2/2020,"Read #WWF NAVIGATING MUDDY WATERS RESEARCH SERIES 2012, Climate Change's Systemic Risks To Investors. Commissioned by @WWFSouthAfrica + @wwf_uk, delivered by @CarbonBubble, @Trucost, @SinCoESG w @GEPF_SA #NavigatingMuddyWaters #climate #strandedassets https://t.co/sY5K2JZsex https://t.co/7MGCqvmwSI","Newtonville, MA + Woodstock VT USA + Cape Town RSA",0,https://twitter.com/esgarchitect/status/1229773040315174914
18/2/2020," @LisaRingGA01: (2/2) #Climate change is here, and we need representatives who will fight to address its effects. #ActOnClimate   Help el...",,2,https://twitter.com/Hestia382/status/1229772702510198785
18/2/2020, @physorg_com: #Climate change could shrink vital tropical rainfall belt @ScienceAdvances https://t.co/9tM0fQSno7,,6,https://twitter.com/InfopointA/status/1229771035412660225
18/2/2020,@cathmckenna @JonathanWNV @JustinTrudeau @cafreeland @FP_Champagne @GretaThunberg @RepAOC #LiberalLIES #ClimateHoax #Climate change is real but #ClimateAlarmism is full of lies! Antarctica's Record-High 20.75°C Temperature Another Media Hoax https://t.co/jWDVV81x57 via @ccdeditor,,0,https://twitter.com/c_hopp2014/status/1229770890805731328
18/2/2020,"""Our generation is the first generation to understand the causes of #climate change..."" - @repdavidleland https://t.co/0dKCJMXQ99",United States,0,https://twitter.com/CleanAirMoms/status/1229770108177960960
18/2/2020,[@JeffBezos PLEDGES $10bn TO FIGHT #CLIMATE CHANGE] by @BBCNews 🔜 https://t.co/AerrSRhxsD ✅✅ . . . . . . . . . . #SenseFolio #ESG #environment #social #governance #sociallyresponsible #finance #sustainability #MachineLearning https://t.co/Ugv6dqtNC3,Chicago - London - Paris,0,https://twitter.com/sensefolio/status/1229769831332958213
18/2/2020, @WRIRossCities: Worsening urban #inequality & the deepening #climate crisis are intertwined & must be taken on together.  Our #PrizeforC...,,16,https://twitter.com/josechong/status/1229769785929535489
18/2/2020," @ChristopherNFox: ""...concerns about #climate change impacts on investors have moved well beyond stakeholder protests and petitions at c...","Washington, DC",3,https://twitter.com/ruthmagin/status/1229769256369315840
18/2/2020,"@Alex_Verbeek Yes, since late December,  we've noticed different plants in three seasons at once, fall, winter, spring. With #climate change , a much longer, drier summer ahead seems likely.",Acagchemem land,0,https://twitter.com/gvthillo/status/1229769222290427904
18/2/2020," @Greenpeaceafric: .@Eskom_SA's coal dependence is not only destroying our planet, but the air pollution it creates is also damaging our...",,24,https://twitter.com/rajat365b/status/1229768951279869952
18/2/2020, @WRIRossCities: Worsening urban #inequality & the deepening #climate crisis are intertwined & must be taken on together.  Our #PrizeforC...,,16,https://twitter.com/NUMOalliance/status/1229768831977037825
18/2/2020," @ClimateWest: #NewMexico's #fracking boom derailing state's #climate progress. @WildEarthGuard's Rebecca Sobel:  ""Unless the state reins...","Santa Fe, NM",4,https://twitter.com/JohnHorning_/status/1229768278215548928
18/2/2020, @parents4futureG: Greta Thunberg’s presence at the demonstration highlights that the fight against climate change appears to be firmly e...,"München, Bayern",3,https://twitter.com/blocksb1/status/1229768047877074949
18/2/2020, @physorg_com: #Climate change could shrink vital tropical rainfall belt @ScienceAdvances https://t.co/9tM0fQSno7,Seoul,6,https://twitter.com/HANjehee/status/1229766983022833665
18/2/2020," @Greenpeaceafric: .@Eskom_SA's coal dependence is not only destroying our planet, but the air pollution it creates is also damaging our...","München, Bayern",24,https://twitter.com/blocksb1/status/1229765726573125633
18/2/2020," @simonpringle: #Climate crisis could cause #economic recession ‘like we’ve never seen before’, study warns https://t.co/pyWpUQxsgv",Yorkshire and The Humber,1,https://twitter.com/fitton_claire/status/1229765586177097733
18/2/2020,Reducing #GHG #emissions in personal transport - see the most effective measures. #Mobility  #materials #resources #climate #environment thx @UNEPIRP @UNEP @EdgarHertwich @StefanPauliuk  https://t.co/uMzWCFHOta https://t.co/sYT4v2t1So,"Belgium, Germany, Austria",0,https://twitter.com/stocksandflows/status/1229765458640986112
18/2/2020,Is IoT a silver bullet for climate change? - ​ https://t.co/nEKSTMSdM2 via @raconteur | #ClimateAction #ClimateEmergency #climate #ClimateChange #ClimateCrisis #IoT #environment #TechNews @Stevewal63 @66Iot @iotconsortium @iotforall #TuesdayThoughts,San Bartolomé de Tirajana,0,https://twitter.com/MasterofIoT/status/1229764214274822146
18/2/2020," @CPGBML: #Amazon owner #Bezos pledges $10bn to fight #climate change: ""Climate change is the biggest threat to our planet,"" he said, aft...",over by there,3,https://twitter.com/je_steffan/status/1229763684211318785
18/2/2020, @ETNOWlive: World's richest man @JeffBezos pledges $10 bn to help fight #ClimateChange. Do you think #India has recognised the seriousne...,,2,https://twitter.com/Shiva_tiwadi/status/1229763173999210496
18/2/2020, @BhamCityCouncil: We have to act now to tackle climate change in our city for a safer future. Tell us your thoughts about #climatechange...,"Birmingham, England",5,https://twitter.com/BrumLeader/status/1229762189571055616
18/2/2020,"@JeffBezos commits $10b to tackle climate change, launches 'The Bezos Earth Fund' thank you Mr Bezos #climate #amazon #amzn #jeffbezos #bezos",New York,0,https://twitter.com/GRANITY_GROUP/status/1229761904924594177
18/2/2020,"@JeffBezos commits $10b to tackle climate change, launches 'The Bezos Earth Fund' thank you Mr Bezos #climate #amazon #amzn #jeffbezos #bezos",New York,0,https://twitter.com/OilArmco/status/1229761903922237441
18/2/2020,"@JeffBezos commits $10b to tackle climate change, launches 'The Bezos Earth Fund' thank you Mr Bezos #climate #amazon #amzn #jeffbezos #bezos",USA,0,https://twitter.com/Bovacap/status/1229761903074988033
18/2/2020,"@JeffBezos commits $10b to tackle climate change, launches 'The Bezos Earth Fund' thank you Mr Bezos #climate #amazon #amzn #jeffbezos #bezos",Asia,0,https://twitter.com/Bovacap_asia/status/1229761902366072834
18/2/2020,"@JeffBezos commits $10b to tackle climate change, launches 'The Bezos Earth Fund' thank you Mr Bezos #climate #amazon #amzn #jeffbezos #bezos",New York 🗽 🇮🇹 ,0,https://twitter.com/NStirpejr/status/1229761901401378818
18/2/2020,"@JeffBezos commits $10b to tackle climate change, launches 'The Bezos Earth Fund' thank you Mr Bezos #climate #amazon #amzn #jeffbezos #bezos",Europe,0,https://twitter.com/bovacap_europe/status/1229761900508041216
18/2/2020,"@JeffBezos #IDD | @JeffBezos pledges $10 bn for #ClimateChange. What is #India's plan to fight #ClimateCrisis? Tune in at 9 pm as ET NOW's @TamannaInamdar discusses the fight against #Climate change with @damandeep, @simply_sg & Kapil Subramanian https://t.co/WvcByisU9p",India,2,https://twitter.com/ETNOWlive/status/1229761701001609217
18/2/2020,"@dfirgs FWIW - We can help #BezosEarthFund identify, measure and monitor impact of climate change using remotely sense, multi sensor data. #impact #climate #agriculture #water #sidenote https://t.co/oLyTfthuD2","San Francisco, Chandigarh",0,https://twitter.com/ruchitgarg/status/1229761567387979778
18/2/2020," @Greenpeaceafric: .@Eskom_SA's coal dependence is not only destroying our planet, but the air pollution it creates is also damaging our...","Adelaide, South Australia ",24,https://twitter.com/DavidKlement2/status/1229761227259142145
18/2/2020, @stefanako71: Permanent academic position in the broad area of #climate #change #ecology - timely and exciting! come and join us @ljmubi...,"Corpus Christi, TX",6,https://twitter.com/DomSwift1/status/1229761122926055424
18/2/2020,"Climate vs. Weather | A little over a week ago, Antarctica recorded a record high temperature of 20.75°C (69.35°F). There is an important thing to note with this and that is that record heat (or cold) doesn't necessarily equal climate change. #ClimateChange #Climate https://t.co/EQIFFoCfxc","Tampa, FL",0,https://twitter.com/GrantWTSP/status/1229760762337357824
18/2/2020,Permanent academic position in the broad area of #climate #change #ecology - timely and exciting! come and join us @ljmubiology  https://t.co/ikczRtEr4v,Liverpool,6,https://twitter.com/stefanako71/status/1229760594741547009
18/2/2020," @MarcGunther: Jeff Bezos’ $10bn  commitment to curb #climate change is great, writes @MarkTercek. He should also use the power of @Amazo...",,5,https://twitter.com/pcdnetwork/status/1229759942359502849
18/2/2020,@mccloy_james @macsween_prue I accept the SCIENCE - that CO2 does not control #ClimateChange. Eg. Temperature increase comes before CO2 increase. Anthropogenic CO2 <4%. Australia contribution 1.3%. = 0.052%. - no effect on #climate change.,,0,https://twitter.com/BSc89937963/status/1229759932582395906
18/2/2020,"#JeffBezos, the world’s #richest man, is saying he wants to save the world and announced he’ll spend a staggering $10 billion to fund efforts to fight #climate change.  https://t.co/8fVtehpBjp","San Francisco, singapore ",0,https://twitter.com/tezuma75/status/1229758900011798528
18/2/2020, @physorg_com: #Climate change is not the only threat for #plants @PNASNews https://t.co/W44LKuFBjO,"Milky way,  I can see aliens !",11,https://twitter.com/DrKynast/status/1229758740460687361
18/2/2020," @iscuqam2020: With more than 40 specialists, the ISC 2020 Summer School will offer a unique perspective on the cognitive challenges of c...","Montréal, Québec",5,https://twitter.com/fshUQAM/status/1229758428308033536
18/2/2020, @HeidiCullen: Everything you've ever wanted to know about marine snow...and more! Thanks to @hankgreen @SciShow and @MontereyAq for help...,,10,https://twitter.com/jacottrell51/status/1229757909527126016
18/2/2020,"TCLs extendable phone, Jeff Bezos fights #CLIMATE change video     - CNET https://t.co/LK0H3N0KI2  #GlobalWarming #climatechange","New York, USA",0,https://twitter.com/gridpointwx/status/1229757357732900864
18/2/2020,"#NationalBatteryDay #Batteries provide #power for many uses beyond #energy #storage. Playing a key role in #powering our world while #mitigating #climate #change. Join us as we #celebrate.   #YourPowerPartnersForLife Learn more at https://t.co/dngmIXAc7U or, dial 1-800-833-8412 https://t.co/xtQ4r1ypD9","North Carolina, USA",0,https://twitter.com/IBCIpower/status/1229757331216289792
18/2/2020,"TCLs extendable phone, Jeff Bezos fights #CLIMATE change video     - CNET https://t.co/TcIv1TcZyA #GPWX #GlobalWarming #climatechange",NY,0,https://twitter.com/TimMelino/status/1229757210160484354
18/2/2020, @EcoPlanetNews1: Melting ice sheets. Wildfires that turn the sky red. Record-breaking heat waves.  The terrifying effects of climate cha...,,1,https://twitter.com/gpmartinP/status/1229757084591443969
18/2/2020," @EnvirHealthNews: #Democratic presidential hopefuls are making big promises on #climate change policy, but no major climate legislation...","California, USA",2,https://twitter.com/its_outta_here/status/1229756204622045185
18/2/2020," @ChristopherNFox: ""...concerns about #climate change impacts on investors have moved well beyond stakeholder protests and petitions at c...",,3,https://twitter.com/AFeldman2/status/1229755934387384320
18/2/2020,"#Climate crisis could cause #economic recession ‘like we’ve never seen before’, study warns https://t.co/pyWpUQxsgv",All tweeted views my own..,1,https://twitter.com/simonpringle/status/1229755932969701376
18/2/2020," @CPGBML: #Amazon owner #Bezos pledges $10bn to fight #climate change: ""Climate change is the biggest threat to our planet,"" he said, aft...","Londra / London, UK",3,https://twitter.com/AtamerArzu/status/1229755511882555394
18/2/2020," @EnvirHealthNews: #Democratic presidential hopefuls are making big promises on #climate change policy, but no major climate legislation...","Baltimore, MD",2,https://twitter.com/Brax6Jackson/status/1229755288946978816
18/2/2020,"#Amazon owner #Bezos pledges $10bn to fight #climate change: ""Climate change is the biggest threat to our planet,"" he said, after Warren #Buffet, Bill #Gates and myself... The 3 #billionaires have more wealth than 200 million #US citizens and most nations  https://t.co/GS2NrpP494",Britain,3,https://twitter.com/CPGBML/status/1229754897828057088
18/2/2020," @ChristopherNFox: ""...concerns about #climate change impacts on investors have moved well beyond stakeholder protests and petitions at c...",Staying Global,3,https://twitter.com/srzjwalters/status/1229754775706775552
18/2/2020,"""...concerns about #climate change impacts on investors have moved well beyond stakeholder protests and petitions at corporate annual meetings and increasingly are coming from top investment and corporate officials themselves"" https://t.co/ltOuFCO4b2","Boston, MA",3,https://twitter.com/ChristopherNFox/status/1229753906483298304
18/2/2020," @Greenpeaceafric: .@Eskom_SA's coal dependence is not only destroying our planet, but the air pollution it creates is also damaging our...",,24,https://twitter.com/RouxMme/status/1229753867774156800
18/2/2020,The climate is the perception of the work environment by an employee. ... A manager's behavior toward his or her employees greatly influences the workplace #climate—and can make or break a team's #morale and #productivity.  #leadership  #workplacehealth https://t.co/mlt6CLTQc7,Florida,0,https://twitter.com/HRSSConsulting/status/1229753466693857281
18/2/2020,"#Democratic presidential hopefuls are making big promises on #climate change policy, but no major climate legislation is likely to survive if their colleagues in the Senate don't capture the upper chamber in this year's elections. @EENewsUpdates  https://t.co/dMHvORDzux","Charlottesville, VA",2,https://twitter.com/EnvirHealthNews/status/1229752606362304512
18/2/2020,"Greenpeace:  Greenpeaceafric: .Eskom_SA's coal dependence is not only destroying our planet, but the air pollution it creates is also damaging our health >> https://t.co/2aFje8LK8X  The #Climate and #AirPollution crises share the same solution - #QuitC... https://t.co/lPC276DDqM",,0,https://twitter.com/HBCUGreenFund/status/1229751727169179649
18/2/2020,Everything you've ever wanted to know about marine snow...and more! Thanks to @hankgreen @SciShow and @MontereyAq for helping us tell this important #ocean and #climate change story! https://t.co/nDZnaal77M,"Moss Landing, CA",10,https://twitter.com/HeidiCullen/status/1229751720923676673
18/2/2020, @physorg_com: #Climate change could shrink vital tropical rainfall belt @ScienceAdvances https://t.co/9tM0fQSno7,"Denver, CO",6,https://twitter.com/CoyoteGulch/status/1229750645172817925
18/2/2020,Day 2 of “Reporting #climate change” training for our colleagues with #BBC Indian languages at our Delhi bureau and also at our Mumbai bureau (via Skype). https://t.co/yZPBgphcIg,London,0,https://twitter.com/NavinSinghKhadk/status/1229750011216269313
18/2/2020," @Greenpeaceafric: .@Eskom_SA's coal dependence is not only destroying our planet, but the air pollution it creates is also damaging our...",,24,https://twitter.com/KerryFSmith/status/1229749459782946822
18/2/2020," @Greenpeaceafric: .@Eskom_SA's coal dependence is not only destroying our planet, but the air pollution it creates is also damaging our...","Erde, Auf der Kruste",24,https://twitter.com/SpiegeleiVegan/status/1229749106031177728
18/2/2020," @ISRecruit: Tech Industry News: Jeff Bezos Pledges $10 Billion To Fight Climate Change, Planet's 'Biggest Threat' #JeffBezos #Amazon #10...",,2,https://twitter.com/JamesSample_ISR/status/1229749069737844738
18/2/2020," @xercessociety: When most people think about climate change, they likely think of CO2 emissions from cars or factories. But the way land...","New Jersey, USA",9,https://twitter.com/dahliabloom/status/1229748086731395072
18/2/2020,#Climate News:  Seeding oceans with iron may not impact climate change ~ https://t.co/0eCA8SqEge  https://t.co/0eCA8SqEge  #SciComm #Ocean #ClimateCrisis #Oceans #CdnPoli #Design #GreenDesign,"New Brunswick, Canada. ",0,https://twitter.com/deepgreendesign/status/1229748058054787073
18/2/2020, @physorg_com: #Climate change could shrink vital tropical rainfall belt @ScienceAdvances https://t.co/9tM0fQSno7,Staying Global,6,https://twitter.com/srzjwalters/status/1229747883672510464
18/2/2020," @Greenpeaceafric: .@Eskom_SA's coal dependence is not only destroying our planet, but the air pollution it creates is also damaging our...",,24,https://twitter.com/autchintleck/status/1229747683289686016
18/2/2020, @SeaAndSociety: How do young people cope with climate change? Breakfast seminar @goteborgsuni Feb 21 with Maria Ojala from @orebrouni as...,,7,https://twitter.com/havetnu/status/1229746386524147712
18/2/2020,"That's pretty cool move Jeff! That's only about 7.7% of your net worth anyway. Phew 😅  The Amazon CEO announced a new $10 billion fund called the Bezos Earth Fund to devote resources to scientists, activists and NGOs to combat #climate change.  https://t.co/kAiodcHvR0 https://t.co/ylHP6WTf6n","Weybridge, Surrey, UK",0,https://twitter.com/RafalKukla/status/1229746171037356033
18/2/2020, @SeaAndSociety: How do young people cope with climate change? Breakfast seminar @goteborgsuni Feb 21 with Maria Ojala from @orebrouni as...,Sweden,7,https://twitter.com/havsmiljo/status/1229745973141876738
18/2/2020," @Greenpeaceafric: .@Eskom_SA's coal dependence is not only destroying our planet, but the air pollution it creates is also damaging our...",france et londres,24,https://twitter.com/morinmartine9/status/1229744932023414784
18/2/2020,"@NaomiOreskes @ErikMConway @LeapingRobot @Revkin ""The effort will fund scientists, activists and nongovernmental organizations, he said in a post on Instagram. Mr. #Bezos, who has been pushed by Amazon employees on #climate issues, said he expected to start issuing grants this summer."" https://t.co/wu9ccxXXiU",In the arms of the Milky Way. ,0,https://twitter.com/uvachemistry/status/1229744784081870850
18/2/2020, @ETNOWlive: World's richest man @JeffBezos pledges $10 bn to help fight #ClimateChange. Do you think #India has recognised the seriousne...,"New Delhi, India",2,https://twitter.com/IASadityarana/status/1229744350239830018
18/2/2020," @Greenpeaceafric: .@Eskom_SA's coal dependence is not only destroying our planet, but the air pollution it creates is also damaging our...",,24,https://twitter.com/JHandwerg/status/1229744164113469441
18/2/2020, @physorg_com: #Climate change could shrink vital tropical rainfall belt @ScienceAdvances https://t.co/9tM0fQSno7,"Gurgaon, India",6,https://twitter.com/muktabh/status/1229744019606921218
18/2/2020,World's richest man @JeffBezos pledges $10 bn to help fight #ClimateChange. Do you think #India has recognised the seriousness of #climate change?,India,2,https://twitter.com/ETNOWlive/status/1229743617272500224
18/2/2020, @Climate2026: Jeff Bezos commits to forming $10 billion #Earth Fund for climate change  https://t.co/APsAzj3JMa #JeffBezos #Climate #Cli...,Croydon london uk,7,https://twitter.com/iminicabdriver/status/1229743579695865857
18/2/2020," @MarcGunther: Jeff Bezos’ $10bn  commitment to curb #climate change is great, writes @MarkTercek. He should also use the power of @Amazo...","Washington, DC",5,https://twitter.com/MarkTercek/status/1229743023409549313
18/2/2020," @Greenpeaceafric: .@Eskom_SA's coal dependence is not only destroying our planet, but the air pollution it creates is also damaging our...","Hatvan, Magyarország",24,https://twitter.com/TthMarc41184504/status/1229742896842186752
18/2/2020, @physorg_com: #Climate change could shrink vital tropical rainfall belt @ScienceAdvances https://t.co/9tM0fQSno7,,6,https://twitter.com/physorg_space/status/1229742886020960256
18/2/2020,#Climate change could shrink vital tropical rainfall belt @ScienceAdvances https://t.co/9tM0fQSno7,,6,https://twitter.com/physorg_com/status/1229742885131735044
18/2/2020, @Climate2026: Jeff Bezos commits to forming $10 billion #Earth Fund for climate change  https://t.co/APsAzj3JMa #JeffBezos #Climate #Cli...,"Croydon, London",7,https://twitter.com/k_kashifusman/status/1229742442389409792
18/2/2020, @TRF_Climate: Get our news from the front lines of climate change in one easy package - coming out today! Sign up here for our weekly ne...,"Rome, Lazio",2,https://twitter.com/thinink/status/1229741771913125888
18/2/2020, @Climate2026: Jeff Bezos commits to forming $10 billion #Earth Fund for climate change  https://t.co/APsAzj3JMa #JeffBezos #Climate #Cli...,London England ,7,https://twitter.com/Muzammal_Junaid/status/1229741754427092992
18/2/2020, @Climate2026: Jeff Bezos commits to forming $10 billion #Earth Fund for climate change  https://t.co/APsAzj3JMa #JeffBezos #Climate #Cli...,London ,7,https://twitter.com/Billalusman/status/1229741473203150849
18/2/2020," @Greenpeaceafric: .@Eskom_SA's coal dependence is not only destroying our planet, but the air pollution it creates is also damaging our...",Earth,24,https://twitter.com/SeeTheAirBot/status/1229740906808520705
18/2/2020,"Jeff Bezos committing $10 billion to address climate change is a good start. Next step can be convincing climate change deniers. Then, we can convince the remaining world population to start doing something to address climate change.  #ClimateChange #climate #world","Prague, Czech republic",0,https://twitter.com/AlexDevero/status/1229740522354466816
18/2/2020," @Greenpeaceafric: .@Eskom_SA's coal dependence is not only destroying our planet, but the air pollution it creates is also damaging our...",,24,https://twitter.com/Ccnn35555922/status/1229740205424467968
18/2/2020," @Greenpeaceafric: .@Eskom_SA's coal dependence is not only destroying our planet, but the air pollution it creates is also damaging our...",Roma.,24,https://twitter.com/robertoscottim1/status/1229739926448680961
18/2/2020," @Greenpeaceafric: .@Eskom_SA's coal dependence is not only destroying our planet, but the air pollution it creates is also damaging our...",,24,https://twitter.com/sorrell_sorrell/status/1229739780939931648
18/2/2020," @Greenpeaceafric: .@Eskom_SA's coal dependence is not only destroying our planet, but the air pollution it creates is also damaging our...",Catalonia/Spain,24,https://twitter.com/Laura26953142/status/1229739369118027777
18/2/2020, @ForbesME: Bezos Pledges $10 Billion—Nearly 10% Of Net Worth—Toward Solving Climate Change 🔗 https://t.co/ySCqfUkY65 #Jeffbezos #Pledge...,Jordan - Aqaba,4,https://twitter.com/OhoodD/status/1229739302520791041
18/2/2020, @BhamCityCouncil: We have to act now to tackle climate change in our city for a safer future. Tell us your thoughts about #climatechange...,"England, United Kingdom",5,https://twitter.com/LeisuresecPLC/status/1229738998362509312
18/2/2020, @EcoClipper: Can rationing #carbon help fight #climate change?   https://t.co/d75nThtoBY via @BBC_Future,"Chessington, London",2,https://twitter.com/Knitty19/status/1229738917437546496
18/2/2020," @Greenpeaceafric: .@Eskom_SA's coal dependence is not only destroying our planet, but the air pollution it creates is also damaging our...","Galway, Ireland",24,https://twitter.com/Lamhfada/status/1229738818502303744
18/2/2020," @Greenpeaceafric: .@Eskom_SA's coal dependence is not only destroying our planet, but the air pollution it creates is also damaging our...", 🌎,24,https://twitter.com/yasuokasey/status/1229738619658698758
18/2/2020," @Greenpeaceafric: .@Eskom_SA's coal dependence is not only destroying our planet, but the air pollution it creates is also damaging our...","Βόλος, Ελλάς",24,https://twitter.com/deadblurryface/status/1229738029973213184
18/2/2020," @Greenpeaceafric: .@Eskom_SA's coal dependence is not only destroying our planet, but the air pollution it creates is also damaging our...",Global,24,https://twitter.com/Greenpeace/status/1229737937811755011
18/2/2020,".@Eskom_SA's coal dependence is not only destroying our planet, but the air pollution it creates is also damaging our health >> https://t.co/rVsN6ACeAp  The #Climate and #AirPollution crises share the same solution - #QuitCoal >> https://t.co/Nm2MkbYjCB #CleanAirNow https://t.co/PYoIXnrtoD",Africa,24,https://twitter.com/Greenpeaceafric/status/1229737366715277312
18/2/2020,"Join me at @TechChill on Friday to discuss #entrepreneurship, #climate change, and future of #humanity🌍  If you can't make it, but feel a spark for the topic, please reach out. I am actively searching for other human beings driven by this🙌 https://t.co/DNdI04NB0x",Finland,0,https://twitter.com/MeskanenP/status/1229737024355209217
18/2/2020," @A_Siegel: @billmckibben @DeanBaker13 For example, see @CEPRDC study ""Reduced Work Hours as a Means of Slowing #Climate Change "" by Davi...",Wurundjeriland,2,https://twitter.com/alea_rae/status/1229735830001868804
18/2/2020, @TRF_Climate: Get our news from the front lines of climate change in one easy package - coming out today! Sign up here for our weekly ne...,Global,2,https://twitter.com/TRF_Stories/status/1229735464501903362
18/2/2020, @BhamCityCouncil: We have to act now to tackle climate change in our city for a safer future. Tell us your thoughts about #climatechange...,"Birmingham, UK",5,https://twitter.com/bhamts/status/1229734655693328385
18/2/2020, @BhamCityCouncil: We have to act now to tackle climate change in our city for a safer future. Tell us your thoughts about #climatechange...,"Perry, Birmingham, Gaia",5,https://twitter.com/AndrewW66619812/status/1229732822216331265
18/2/2020,We have to act now to tackle climate change in our city for a safer future. Tell us your thoughts about #climatechange and what you think needs to be done. The survey closes this Friday: https://t.co/s1C8mFOE5x  #Birmingham #climate https://t.co/7BVhPyjVWu,"Birmingham, UK",5,https://twitter.com/BhamCityCouncil/status/1229732582344007680
18/2/2020,"Explaining the basic difference between weather and climate is where the conversation must begin when talking about climate change. If climate is misunderstood, we will never be able to explain and discuss climate change. #climate #climatechange #10Weather @10NewsWTSP https://t.co/Evj8HXNVO1 https://t.co/DZ8Qn9RPDC","Tampa, FL",0,https://twitter.com/GrantWTSP/status/1229732455814438912
18/2/2020," @CA_Latest: As #Australia reels from unprecedented bushfires, the disconnect between its vulnerability to #climate change and the inadeq...",normally out in the scrub,355,https://twitter.com/rsl1957/status/1229732385815531520
18/2/2020, @Univrslfeelings: Amazon’s Jeff Bezos pledges $10 billion to combat #Amazon #Jeff #Bezos #Pledges #10billion #Dollar #Global #Warming #C...,,1,https://twitter.com/Baqarsajjad2/status/1229732363925688321
18/2/2020,Get our news from the front lines of climate change in one easy package - coming out today! Sign up here for our weekly newsletter https://t.co/6C9VvOMMvK  #climate @TRF_Stories https://t.co/2UpCrDuAHt,London,2,https://twitter.com/TRF_Climate/status/1229732208006647809
18/2/2020," @MarcGunther: Jeff Bezos’ $10bn  commitment to curb #climate change is great, writes @MarkTercek. He should also use the power of @Amazo...","Cleveland, OH",5,https://twitter.com/twpollack/status/1229732195901878275
18/2/2020,24 Videos That Turn the Tide on #Climate Change https://t.co/3V4E5ajeaN https://t.co/rQ5dYRMtdQ,Planet Earth,0,https://twitter.com/TreeBanker/status/1229730606218698754
18/2/2020," @MarcGunther: Jeff Bezos’ $10bn  commitment to curb #climate change is great, writes @MarkTercek. He should also use the power of @Amazo...",,5,https://twitter.com/stacypalmer/status/1229729993950998528
18/2/2020," @CA_Latest: As #Australia reels from unprecedented bushfires, the disconnect between its vulnerability to #climate change and the inadeq...","Brisbane, Queensland",355,https://twitter.com/GreyPowerEarth/status/1229727925051609097
18/2/2020, @ForbesME: Bezos Pledges $10 Billion—Nearly 10% Of Net Worth—Toward Solving Climate Change 🔗 https://t.co/ySCqfUkY65 #Jeffbezos #Pledge...,,4,https://twitter.com/Kfarghali29/status/1229727683787001858
18/2/2020,"Jeff Bezos’ $10bn  commitment to curb #climate change is great, writes @MarkTercek. He should also use the power of @Amazon to drive change. https://t.co/E5Js82004y #philanthropy","Bethesda, MD",5,https://twitter.com/MarcGunther/status/1229727438587994112
18/2/2020," @CA_Latest: As #Australia reels from unprecedented bushfires, the disconnect between its vulnerability to #climate change and the inadeq...",Canberra,355,https://twitter.com/RichieMerzian/status/1229726687924899841
18/2/2020," @TheDailyClimate: If #climate scientists have got their predictions right, Auckland will be progressively hit by more extreme weather, i...","New South Wales, Australia",1,https://twitter.com/DeborahAnnG/status/1229726373683458048
18/2/2020,"If #climate scientists have got their predictions right, Auckland will be progressively hit by more extreme weather, including more frequent and possibly more severe droughts, floods and damaging winds. https://t.co/zD70FJW8Gz","Bozeman, Mont.",1,https://twitter.com/TheDailyClimate/status/1229726038357352451
18/2/2020,Jeff #Bezos commits $10 billion to fight #climate #change https://t.co/tWtKN1nmOu,Downtown - Beirut - Lebanon,0,https://twitter.com/AnnaharEn/status/1229725409161416704
18/2/2020, @ipoguy: LOOPShare Ltd $LPPPF 🇺🇸 $LOOP 🇨🇦 Price $0.4929 Day's Change 0.0388 (8.54%)↗️ Bid .47 Ask .516 B/A 14000x33350 @GetInEarly @Kons...,"North Dakota, USA",15,https://twitter.com/nlwinfree/status/1229721085714796544
18/2/2020, @JosephineCumbo: New provisions imposing much tougher requirements on #pension schemse to use their investment muscle to act on #climate...,London,1,https://twitter.com/NVJRobins1/status/1229720281825955840
18/2/2020, @timetospeakoutt: Exactly right. Pitiful response to a problem affecting thousands of citizens which should have been prepared for. And...,,1,https://twitter.com/JennyJones1313/status/1229720205682671616
18/2/2020,Melting ice sheets. Wildfires that turn the sky red. Record-breaking heat waves.  The terrifying effects of climate change are hard to miss. They also leave many people fearful about the future of the planet and our civilization.  If  #change #Climate https://t.co/u2VZ19QSOV https://t.co/rffOfzb9ka,UK,1,https://twitter.com/EcoPlanetNews1/status/1229719984156356612
18/2/2020, @8lanch: The big fat climate change poll.  Please vote  Feel free to comment  And please   Question - is climate change a man made iss...,,598,https://twitter.com/uptheworkers1/status/1229719101054050304
18/2/2020,#Bezos Pledges $10 Billion—Nearly 10% Of Net Worth—Toward Solving #Climate Change via @forbes https://t.co/VoIcKFMRld,"Dublin, Ireland ",0,https://twitter.com/IvanaBabic19/status/1229717970231930880
18/2/2020, @parents4futureG: Greta Thunberg’s presence at the demonstration highlights that the fight against climate change appears to be firmly e...,,3,https://twitter.com/andrea95115861/status/1229717702702399488
18/2/2020,German fund manager @AllianzGI_view is pushing every company it invests in to improve their #climatedata ahead of AGM season & use the Taskforce for #Climate-related Financial Disclosures (#TCFD) framework for assessing impact of #climaterisk.   https://t.co/DJAHKd1kce,"Edinburgh, Scotland",0,https://twitter.com/wlamin/status/1229717401056563200
18/2/2020, @parents4futureG: Greta Thunberg’s presence at the demonstration highlights that the fight against climate change appears to be firmly e...,Deutschland,3,https://twitter.com/parents4future/status/1229717375316119553
18/2/2020,Greta Thunberg’s presence at the demonstration highlights that the fight against climate change appears to be firmly established as a core issue in German elections. #Germany #GermanyVotes #Climate   https://t.co/yhHucyMR1g,Gaia,3,https://twitter.com/parents4futureG/status/1229716974692794369
18/2/2020," @hostkushagra: #Startup #News Feb 18  1. #Bezos launches $10B #fund to #combat #climate Change  2. #PhonePe, #Paytm line up Rs 2,000 cro...",India,1,https://twitter.com/StartupNewsIND/status/1229716925732835328
18/2/2020,#ClimateChange Is Affecting Crop Yields And Reducing Global #Food Supplies #climate #drought #climatesolutions... https://t.co/20feosXNz6 https://t.co/j3DD2dIGIB,Florida & Nova Scotia,0,https://twitter.com/PolyConundrum/status/1229715607026905090
18/2/2020,Exactly right. Pitiful response to a problem affecting thousands of citizens which should have been prepared for. And longer term this government MUST take #climate change seriously and put proper resources into addressing it. Battered #BrexitBritain will struggle for years 😩 https://t.co/T0e51i7GJe,LittleEngland BrexitBritain 😣,1,https://twitter.com/timetospeakoutt/status/1229714308713582592
18/2/2020, @ibrahimerden: Seven emerging technologies that will be vital for fighting #climate #change:  1) Modular floating #wind 2) Broad-spectru...,Turkey,1,https://twitter.com/TWRE_Official/status/1229714056505962497
18/2/2020," @kmgarson: .@Fern_NGO along w/ 69 other organisations & 30 scientists call for an end to logging of biodiverse Swedish forests: ""These h...",,4,https://twitter.com/JuliaC_Fern/status/1229712726353731590
18/2/2020, @Margaretmaryle3: Thankyou to  #Russell #Crowe for having the fortitude and true grit to speak up about #Climate Change last night..he s...,Western Australia,218,https://twitter.com/Ausshot3Dave/status/1229712443640696835
18/2/2020,"#Startup #News Feb 18  1. #Bezos launches $10B #fund to #combat #climate Change  2. #PhonePe, #Paytm line up Rs 2,000 crore for #marketing read more: https://t.co/X2RaCGJFO1  #entrepreneurs #technology #Startup #India #inclusion #Tech4GoodLiving #QuizTimeMorningsWithAmazon https://t.co/fi89arzHyu","Noida, India",1,https://twitter.com/hostkushagra/status/1229712073128472577
18/2/2020,"It’s now clear that if the world is to meet the climate targets it promised in Paris, natural gas, like coal, must be deliberately and rapidly phased out. There’s no time for a bridge. And clean alternatives are ready. #climate david@vox.com https://t.co/65zJ2cfzBt",,0,https://twitter.com/jrksolar/status/1229710651825774594
18/2/2020," @ChristopherNFox: New survey of institutional investors on #climate change: ""More than half say climate risks are already a factor in th...","Montréal, a city in #Caquistan (Under Coalition Avenir Québec government)",7,https://twitter.com/natasha367b/status/1229710367003160577
18/2/2020," @ISRecruit: Tech Industry News: Jeff Bezos Pledges $10 Billion To Fight Climate Change, Planet's 'Biggest Threat' #JeffBezos #Amazon #10...",,2,https://twitter.com/MatthewHarveyP1/status/1229709555975757824
18/2/2020, @ForbesME: Bezos Pledges $10 Billion—Nearly 10% Of Net Worth—Toward Solving Climate Change 🔗 https://t.co/ySCqfUkY65 #Jeffbezos #Pledge...,,4,https://twitter.com/skhoteit/status/1229709451726184448
18/2/2020, @marco_vrg: Jeff #Bezos commits to spending $10 billion to fight #climate change https://t.co/rUBv1NmVs3 #Amazon #WallStreet #climatecri...,Italia,4,https://twitter.com/MstarSSilano/status/1229709208976855040
18/2/2020," @liu_universitet: In April, “Megagame on the #Climate” is organized, a large-scale #game with elements of board games, role-playing game...",Linköping,2,https://twitter.com/LiU_Bibliotek/status/1229708650253574146
18/2/2020, @marco_vrg: Jeff #Bezos commits to spending $10 billion to fight #climate change https://t.co/rUBv1NmVs3 #Amazon #WallStreet #climatecri...,,4,https://twitter.com/_Qiqly/status/1229707862412271616
18/2/2020, @marco_vrg: Jeff #Bezos commits to spending $10 billion to fight #climate change https://t.co/rUBv1NmVs3 #Amazon #WallStreet #climatecri...,,4,https://twitter.com/ClimateChangePa/status/1229707454390448134
18/2/2020,Superbagnères ski resort in the Pyrenees has been experiencing temperatures of well above 10 degrees Celsius (50 Fahrenheit) -- too warm to make snow artificially. ❄️❄️❄️ #increasetemperature #climate #snowfall https://t.co/cMMAe3lRHZ,Ireland,0,https://twitter.com/crowleycarbon/status/1229707277822808064
18/2/2020, @ForbesME: Bezos Pledges $10 Billion—Nearly 10% Of Net Worth—Toward Solving Climate Change 🔗 https://t.co/ySCqfUkY65 #Jeffbezos #Pledge...,Dubai,4,https://twitter.com/kashif_baig/status/1229706819230162945
18/2/2020,Bezos Pledges $10 Billion—Nearly 10% Of Net Worth—Toward Solving Climate Change 🔗 https://t.co/ySCqfUkY65 #Jeffbezos #Pledge #Philanthropy #Networth #Climatechange #Climate #Billionaire #Globalwarming #Global #Green #Energy https://t.co/poJC9D9A03,"Office 302, Al Attar Business ",4,https://twitter.com/ForbesME/status/1229706737189560320
18/2/2020, @marco_vrg: Jeff #Bezos commits to spending $10 billion to fight #climate change https://t.co/rUBv1NmVs3 #Amazon #WallStreet #climatecri...,Italia,4,https://twitter.com/andytuit/status/1229706669514465281
18/2/2020, @ADA_Consulting: Discover how two organizations have developed an #innovative design for a system of modular water dwellings  in reactio...,Nongoma,1,https://twitter.com/CallMeThabiso/status/1229706602313330694
18/2/2020,"#JeffBezos, The World’s Richest Man, Pledges #$10Billion To Fight #Climate Change ||more here>>>https://t.co/FyOqndRg3I","Accra, Ghana",0,https://twitter.com/k_kritel/status/1229705794121326593
18/2/2020, @Margaretmaryle3: Thankyou to  #Russell #Crowe for having the fortitude and true grit to speak up about #Climate Change last night..he s...,Australia,218,https://twitter.com/kate_eviva/status/1229705126476017666
18/2/2020," @kmgarson: .@Fern_NGO along w/ 69 other organisations & 30 scientists call for an end to logging of biodiverse Swedish forests: ""These h...",,4,https://twitter.com/biofuelwatch/status/1229705038626480128
18/2/2020,Investment and #Trading: #FOREX-  #Science- #Climate #change https://t.co/DwjLR9CXW3,London,0,https://twitter.com/tradingnews4you/status/1229704186465587200
18/2/2020,Investment and #Trading: #FOREX-  #Science- #Climate #change https://t.co/soy6LN1nz9,London,0,https://twitter.com/jofstrade/status/1229703615268446210
18/2/2020, @VRobinsonPR: A few photos from the first @irmglobal #climatechange event held last night @AskNationwide   The role of the #riskmanager...,West Sussex and London,2,https://twitter.com/Sheena_Thomson/status/1229702831369850880
18/2/2020,Investment and #Trading: #FOREX-  Science- #Climate #change https://t.co/fHekARL3S3,,0,https://twitter.com/tradingtopicss/status/1229702521477832705
18/2/2020,Jeff #Bezos commits to spending $10 billion to fight #climate change https://t.co/rUBv1NmVs3 #Amazon #WallStreet #climatecrisis #climatestrike #fridaysforfuture #ESG #Csr #Sri @andytuit @MStarSSilano #EV #funds #BigTech #greeneconomy #sustfinance #fossilfuels #CO2 #divestment,"Lugo (RA), Italy",4,https://twitter.com/marco_vrg/status/1229702191079927813
18/2/2020, @DavidFurnessGB: UK Professor: Only Way to Save Planet Is to ‘Let Humans Become Extinct’.  These hysterical climate change activists mus...,"London, England",1,https://twitter.com/DavidFurnessGB/status/1229702163510779905
18/2/2020," @kmgarson: .@Fern_NGO along w/ 69 other organisations & 30 scientists call for an end to logging of biodiverse Swedish forests: ""These h...",Brussels and Moreton-in-Marsh,4,https://twitter.com/Fern_NGO/status/1229700843622060032
18/2/2020, @DrAlanMarshall: World's richest man gives 'Irony Prize' to himself and consolation prize to #Earth as his eco-destructive industries de...,,2,https://twitter.com/chuppylah/status/1229700720296808448
18/2/2020," @climatemorgan: #MSC2020  Agree with @PEspinosaC: China, Japan, and South Korea have the capability to ensure developing countries don't...",,11,https://twitter.com/SunitaGrigg/status/1229700058020491264
18/2/2020,"Tech Industry News: Jeff Bezos Pledges $10 Billion To Fight Climate Change, Planet's 'Biggest Threat' #JeffBezos #Amazon #10billion #ClimateChange #climate  https://t.co/GfZ8M5SK1n","Sale, Cheshire",2,https://twitter.com/ISRecruit/status/1229699813643636738
18/2/2020,"We should turn in #climate #change, the #traffic lights on red and stop #climatechange quickly. #environment -  just because of the deniers https://t.co/cyNAtRXpJG","Stuttgart, München, Birmingham",0,https://twitter.com/semodu_ag/status/1229699587713175554
18/2/2020,"Amazing no mention of politicians dragging their feet over #climate change,who are ultimately responsible for present and future disasters!!! https://t.co/73QmOxrN30",,0,https://twitter.com/mcnallydb/status/1229699389293236224
18/2/2020, @rehananathoo: .@gatesfoundation doubles down on #climate and #genderequality. The interconnectedness of so many #impinv issues is impor...,"Bay Area, California",8,https://twitter.com/ThaneKreiner/status/1229698497185828864
18/2/2020,#Amazon boss Jeff #Bezos pledges £7.7bn to fight #climate #change - @Retail Gazette https://t.co/YVTDRSEP5p,Hamburg,0,https://twitter.com/oxonian70/status/1229698297683730435
18/2/2020," @kmgarson: .@Fern_NGO along w/ 69 other organisations & 30 scientists call for an end to logging of biodiverse Swedish forests: ""These h...","Lille, France",4,https://twitter.com/kelsey_perlman/status/1229697913871306757
18/2/2020, @EcoClipper: Can rationing #carbon help fight #climate change?   https://t.co/d75nThtoBY via @BBC_Future,Hampshire ,2,https://twitter.com/littlerobbergrl/status/1229697199870808064
18/2/2020,"As the #EPA prepares to finalize the latest in a long line of rollbacks, the nation's power sector has sent a different message: Thanks, but no thanks. #energy #climate  @washingtonpost https://t.co/dHofV1pxnI","Bozeman, Mont.",0,https://twitter.com/TheDailyClimate/status/1229697081964744705
18/2/2020,Could #Climate change make premiums unaffordable? https://t.co/NAD8KmOm6H #Insurance,London,0,https://twitter.com/InsuranceTechIT/status/1229695822989791232
18/2/2020,Can rationing #carbon help fight #climate change?   https://t.co/d75nThtoBY via @BBC_Future,Alkmaar,2,https://twitter.com/EcoClipper/status/1229695820645224448
18/2/2020,".@Fern_NGO along w/ 69 other organisations & 30 scientists call for an end to logging of biodiverse Swedish forests: ""These high conservation value forests forests need to be protected to safeguard biodiversity & mitigate #climate change."" @skyddaskogen   https://t.co/8KntNEv4km",,4,https://twitter.com/kmgarson/status/1229694842843934721
18/2/2020, @8lanch: The big fat climate change poll.  Please vote  Feel free to comment  And please   Question - is climate change a man made iss...,England,598,https://twitter.com/PippaBird/status/1229694274901544961
18/2/2020, @Siemenpuu: BIG NEWS... At least $10 billion to #climatechange #research and #civilsociety #ClimateAction! A change of heart? Coming too...,USA,1,https://twitter.com/Eco1stArt/status/1229694039970242560
18/2/2020, @Drhelenlp: Man on #r4today talking about #flooding “whether it’s #climate change or related to the amount of rain we're having...” - D'...,UK,2,https://twitter.com/DemTigerpaw/status/1229694015802683392
18/2/2020,BIG NEWS... At least $10 billion to #climatechange #research and #civilsociety #ClimateAction! A change of heart? Coming too late? #Amazon has hugely advanced #global #consumerism and cooperated with #fossilfuel #industry and #climate #denialists. #Bezos  https://t.co/MS5B7iEdfm,"Helsinki, Suomi",1,https://twitter.com/Siemenpuu/status/1229693390255722498
18/2/2020,How Canada can turn #CLIMATE change outrage into an e-vehicle opportunity https://t.co/CdA4gLuqSR  #GlobalWarming #climatechange,"New York, USA",0,https://twitter.com/gridpointwx/status/1229693103755448322
18/2/2020,How Canada can turn #CLIMATE change outrage into an e-vehicle opportunity https://t.co/CUEz29c5TC #GPWX #GlobalWarming #climatechange,NY,0,https://twitter.com/TimMelino/status/1229692915397668864
18/2/2020, @WRIRossCities: Worsening urban #inequality & the deepening #climate crisis are intertwined & must be taken on together.  Our #PrizeforC...,,16,https://twitter.com/EandUjournal/status/1229692503231778817
18/2/2020, @WRIRossCities: Worsening urban #inequality & the deepening #climate crisis are intertwined & must be taken on together.  Our #PrizeforC...,"Melbourne, Victoria",16,https://twitter.com/cathyoke/status/1229692476136419328
18/2/2020,Action leads to hope. Change habits. Volunteer. Spread the word. Donate. Tell your MP what needs to change. Talk to your company about change. March. Learn. Plant a Tree. Repeat.   #TreesForCarbon #Climate Emergency #TreesAreNotEnough #TuesdayMotivation https://t.co/OhqVQaivvr,United Kingdom,0,https://twitter.com/TheCarbonCom/status/1229692153925918721
18/2/2020,"VIC: How to talk with children about climate crisis Children see and hear scary stories about #climate change. How can we best respond to their fears? Join child psychologist, Professor Ann Sanson, and two local school students 6.15pm 25 Feb Reservoir https://t.co/b6qKVjKD8J",Australia,0,https://twitter.com/healthy_climate/status/1229691684658663425
18/2/2020, @cranfieldaero: Holiday flights already feeling the impact of climate change. 🛫☀️ #flight #aircraft #airlines #aviation #climate #climat...,"DC, USA/Cranfield, UK",1,https://twitter.com/ExhaustPlume/status/1229691323571109889
18/2/2020," @thechance2b: planting #trees will show a #climate effect only in abt 50 Ys, when these are grown up! immediate effect is in stopping #d...",Australian European Londoner ,18,https://twitter.com/ana_captures/status/1229689742356353024
18/2/2020," @thechance2b: planting #trees will show a #climate effect only in abt 50 Ys, when these are grown up! immediate effect is in stopping #d...",,18,https://twitter.com/thechance2b/status/1229688944478040065
18/2/2020," @scientix_eu: Would you like to discuss with your students topics such as the weather, #climate or the Earth? Maybe even address the cli...",,18,https://twitter.com/mbrauchle21/status/1229688904493785088
18/2/2020,All major transnational corporations must contribute to #climate change control. All billionaires must spend some of their wealth to save the earth. #JeffBezos  move is the start of a major shift in the fight against #ClimateChange #ClimateCrisis  https://t.co/09AQVSYEse,,0,https://twitter.com/CrazyEconomy/status/1229685538422231040
18/2/2020, @WRIRossCities: Worsening urban #inequality & the deepening #climate crisis are intertwined & must be taken on together.  Our #PrizeforC...,Geneva,16,https://twitter.com/UNRSC/status/1229685277033193472
18/2/2020,Jeff Bezos commits $10 billion to fight #climate change https://t.co/JEKbnCRfEE,,0,https://twitter.com/dpietsch/status/1229684565582721026
18/2/2020,"# @Greenpeace:  @climatemorgan: #MSC2020  Agree with @PEspinosaC: China, Japan, and South Korea have the capability to ensure developing countries don't fall into the #coal trap. True #climate leadership is enabling other energy champions!  Watch our... https://t.co/LQWCJnlBBD",Muy MUy Lejano,0,https://twitter.com/bitomoramusic/status/1229684347013390336
18/2/2020," @ChristopherNFox: New survey of institutional investors on #climate change: ""More than half say climate risks are already a factor in th...",Belgium,7,https://twitter.com/eric_vanpraag/status/1229684321155457028
18/2/2020," @georgefwoods: Let's build a monument & carve their names on it under the words: ""In the first decades of the twenty-first century, thes...","Virginia Beach, VA",396,https://twitter.com/peggy_parks/status/1229683961024196608
18/2/2020,"Can anyone guess why,  in relation to our target of 1000 signatures online we would be putting up the following picture this morning? U can sign the petition calling on @ManCityCouncil to respond to #climate change with more democracy & more money here - https://t.co/cX3IPTyVJN https://t.co/hyl5h8VXhH",Manchester,0,https://twitter.com/ClimateEmergMcr/status/1229683669654261760
18/2/2020, @MattM_UQ: Not sure I need to join the chorus of those dismissing this as a smokescreen to avoid the clear imperative of transitioning u...,"Melbourne, Australia",1,https://twitter.com/ChrisAgius13/status/1229682683569037312
18/2/2020, @SptsGuy1: #science Links to articles about SCIENCE and CLIMATE CHANGE #climate #greenenergy #progressive #future https://t.co/rKH7Ll8bjM,"Ekerö, Sverige",1,https://twitter.com/pepparsteve/status/1229680055514783745
18/2/2020,"#Climate Activism: Beliefs, Attitudes, and Behaviors- November 2019: Center for Climate Change Communication https://t.co/suMsrU3W3r  MORE w/ EcoSearch - news: https://t.co/7eej0SMl05 web: https://t.co/27GOm6flNm","New York, NY",0,https://twitter.com/EcoInternetDrGB/status/1229679963948736512
18/2/2020,This is a good thing...https://t.co/3L2lX1NZvZ - #TuesdayThoughts #TuesdayMorning #tuesdayvibes #tuesdayMotivation #TuesdayTip #quotesaboutlife #inspirational #climate,"Bury, England",0,https://twitter.com/inspiringamonn/status/1229679758507675650
18/2/2020, @VSUNEnergy: .@RussellCrowe gave a stark warning about #climate change during the #FireFightAustralia bushfire relief coverage.  The #VR...,NorCal,7,https://twitter.com/Etherjack/status/1229678694936956929
18/2/2020, @ANUmedia: Looking at the landscape on long car journeys as a kid sparked #ANUExpert David Lindenmayer’s interest in the environment. No...,Canberra,6,https://twitter.com/FionaDyer/status/1229678555858001920
18/2/2020,@OndaPunt Do you have any evidence for that assertion?  Excessive rain & storms are just as useful in proving #climate change is real as drought is.  Since 2004 it's even been possible to tentatively ascribe individual disasters to climate change.  #Auspol    https://t.co/FMB9PVBnGQ,,0,https://twitter.com/Neil1808/status/1229677334451503104
18/2/2020,Have you wondered how #plant 🌱 breeding can help grow healthy food 🥘in a changing #climate ❓  Then read this story @Syngenta to see how plant breeders use #science 👨🏽‍🔬 to help farmers 👩🏽‍🌾grow #vegetables🍅🥦🥔    #ScientificExcellence  ⬇️⬇️ https://t.co/A6K058TOCK,"Brussels, Belgium",1,https://twitter.com/ECETOC/status/1229677158920081409
18/2/2020,"Not sure I need to join the chorus of those dismissing this as a smokescreen to avoid the clear imperative of transitioning urgently away from fossil fuels, but I will anyway...  Government to take ‘technology'",,,
